"","X","street","n","x","y"
"1",1,1,2,16.7380009,18.6959991
"2",2,1,2,17.6599998,18.7119999
"3",3,2,2,14.4619999,18.6550007
"4",4,2,2,16.7380009,18.6959991
"5",5,3,2,12.7938805,18.6161308
"6",6,3,2,14.4619999,18.6550007
"7",7,4,2,11.5998764,18.5883083
"8",8,4,2,12.7938805,18.6161308
"9",9,5,2,10.971961,18.5736771
"10",10,5,2,11.5998764,18.5883083
"11",11,6,2,10.7959166,18.5695744
"12",12,6,2,10.971961,18.5736771
"13",13,7,2,8.533,18.5240002
"14",14,7,2,10.7959166,18.5695744
"15",15,8,2,7.3639998,18.4990005
"16",16,8,2,8.533,18.5240002
"17",17,9,2,6.7030001,18.4850006
"18",18,9,2,7.3639998,18.4990005
"19",19,10,2,6.4789462,18.4790497
"20",20,10,2,6.7030001,18.4850006
"21",21,11,2,4.9920001,18.441
"22",22,11,2,6.4789462,18.4790497
"23",23,12,2,3.3900001,18.3969994
"24",24,12,2,4.9920001,18.441
"25",25,13,2,9.6827154,18.2092381
"26",26,13,2,10.7959166,18.5695744
"27",27,14,3,17.6599998,18.7119999
"28",28,14,3,19.4839993,18.7250004
"29",29,14,3,19.5030003,18.1189995
"30",30,15,2,8.6569996,18.0890007
"31",31,15,2,8.533,18.5240002
"32",32,16,2,5.0978222,18.0533352
"33",33,16,2,6.4789462,18.4790497
"34",34,17,2,4.9920001,18.441
"35",35,17,2,5.0978222,18.0533352
"36",36,18,2,8.7724485,17.9145889
"37",37,18,2,9.6827154,18.2092381
"38",38,19,2,8.7724485,17.9145889
"39",39,19,2,8.6569996,18.0890007
"40",40,20,3,17.4473476,17.9006481
"41",41,20,3,18.7360001,18.0639992
"42",42,20,3,19.5030003,18.1189995
"43",43,21,3,17.4473476,17.9006481
"44",44,21,3,17.5179996,18.4389992
"45",45,21,3,17.6599998,18.7119999
"46",46,22,2,17.1739998,17.8659992
"47",47,22,2,17.4473476,17.9006481
"48",48,23,2,17.1739998,17.8659992
"49",49,23,2,16.7380009,18.6959991
"50",50,24,3,7.9260001,17.6700001
"51",51,24,3,7.882,17.8500004
"52",52,24,3,8.6569996,18.0890007
"53",53,25,2,16.1129227,17.645401
"54",54,25,2,17.1739998,17.8659992
"55",55,26,5,16.1129227,17.645401
"56",56,26,5,15.8950005,18.3330002
"57",57,26,5,15.507,18.2420006
"58",58,26,5,15.3870001,18.3390007
"59",59,26,5,15.3170004,18.5170002
"60",60,27,2,3.733,17.6210003
"61",61,27,2,5.0978222,18.0533352
"62",62,28,2,7.6246362,17.5824795
"63",63,28,2,7.9260001,17.6700001
"64",64,29,2,7.3639998,18.4990005
"65",65,29,2,7.6246362,17.5824795
"66",66,30,2,3.405966,17.5355129
"67",67,30,2,3.733,17.6210003
"68",68,31,2,3.405966,17.5355129
"69",69,31,2,3.3900001,18.3969994
"70",70,32,2,15.6000004,17.5249996
"71",71,32,2,16.1129227,17.645401
"72",72,33,2,14.9702625,17.4152355
"73",73,33,2,15.6000004,17.5249996
"74",74,34,2,14.9702625,17.4152355
"75",75,34,2,14.4619999,18.6550007
"76",76,35,2,6.99401,17.3993397
"77",77,35,2,7.6246362,17.5824795
"78",78,36,2,6.99401,17.3993397
"79",79,36,2,6.7030001,18.4850006
"80",80,37,2,19.5030003,18.1189995
"81",81,37,2,19.5272503,17.2641487
"82",82,38,3,14.1594124,17.2620544
"83",83,38,3,14.783,17.382
"84",84,38,3,14.9702625,17.4152355
"85",85,39,3,8.8240004,17.1959991
"86",86,39,3,8.8760004,17.3260002
"87",87,39,3,8.7724485,17.9145889
"88",88,40,2,19.3530006,17.184
"89",89,40,2,19.5272503,17.2641487
"90",90,41,3,18.5079994,17.3279991
"91",91,41,3,19.184,17.5620003
"92",92,41,3,19.3530006,17.184
"93",93,42,3,13.3946438,17.1198883
"94",94,42,3,13.816,17.1959991
"95",95,42,3,14.1594124,17.2620544
"96",96,43,2,13.3946438,17.1198883
"97",97,43,2,12.7938805,18.6161308
"98",98,44,2,11.5249996,17.0750008
"99",99,44,2,10.971961,18.5736771
"100",100,45,2,8.1929998,17.0149994
"101",101,45,2,8.8240004,17.1959991
"102",102,46,2,8.1459999,16.9909992
"103",103,46,2,8.1929998,17.0149994
"104",104,47,2,7.9260001,17.6700001
"105",105,47,2,8.1459999,16.9909992
"106",106,48,2,5.4027152,16.9372101
"107",107,48,2,6.99401,17.3993397
"108",108,49,2,5.0978222,18.0533352
"109",109,49,2,5.4027152,16.9372101
"110",110,50,3,12.3062029,16.9213066
"111",111,50,3,12.7419996,17.0020008
"112",112,50,3,13.3946438,17.1198883
"113",113,51,2,12.2447538,16.9099293
"114",114,51,2,12.3062029,16.9213066
"115",115,52,3,14.1594124,17.2620544
"116",116,52,3,14.3319998,16.4899998
"117",117,52,3,14.3889999,16.4990005
"118",118,53,2,15.3170004,16.4099998
"119",119,53,2,14.9702625,17.4152355
"120",120,54,2,15.3889999,16.1200008
"121",121,54,2,16.0689697,16.4080257
"122",122,55,2,15.3170004,16.4099998
"123",123,55,2,15.3889999,16.1200008
"124",124,56,3,14.0244579,15.827219
"125",125,56,3,15.1340361,16.3555603
"126",126,56,3,15.3170004,16.4099998
"127",127,57,2,14.0244579,15.827219
"128",128,57,2,13.3946438,17.1198883
"129",129,58,3,15.3889999,16.1200008
"130",130,58,3,15.5100002,15.7519999
"131",131,58,3,15.6070004,15.6219997
"132",132,59,2,13.5803728,15.6042328
"133",133,59,2,14.0244579,15.827219
"134",134,60,2,14.4429998,15.0100002
"135",135,60,2,14.0244579,15.827219
"136",136,61,2,12.2447538,16.9099293
"137",137,61,2,11.5998764,18.5883083
"138",138,62,2,19.5272503,17.2641487
"139",139,62,2,19.541317,16.7682648
"140",140,63,2,19.3530006,17.184
"141",141,63,2,19.541317,16.7682648
"142",142,64,2,11.165,16.7099991
"143",143,64,2,12.2447538,16.9099293
"144",144,65,2,3.733,17.6210003
"145",145,65,2,4.2443171,16.7018509
"146",146,66,2,8.1459999,16.9909992
"147",147,66,2,7.1856389,16.6844387
"148",148,67,2,7.1856389,16.6844387
"149",149,67,2,6.99401,17.3993397
"150",150,68,2,10.8289194,16.6464252
"151",151,68,2,11.165,16.7099991
"152",152,69,2,4.2927132,16.6148548
"153",153,69,2,5.4027152,16.9372101
"154",154,70,2,4.2443171,16.7018509
"155",155,70,2,4.2927132,16.6148548
"156",156,71,2,17.1739998,17.8659992
"157",157,71,2,17.743,16.5869999
"158",158,72,2,10.3191881,16.550005
"159",159,72,2,10.8289194,16.6464252
"160",160,73,2,9.6827154,18.2092381
"161",161,73,2,10.3191881,16.550005
"162",162,74,2,19.541317,16.7682648
"163",163,74,2,19.5478706,16.5372238
"164",164,75,2,15.6000004,17.5249996
"165",165,75,2,16.0689697,16.4080257
"166",166,76,2,9.4746075,16.3902454
"167",167,76,2,10.3191881,16.550005
"168",168,77,2,9.3370533,16.9699402
"169",169,77,2,9.4746075,16.3902454
"170",170,78,2,4.2443171,16.7018509
"171",171,78,2,3.4272959,16.3845978
"172",172,79,2,3.4272959,16.3845978
"173",173,79,2,3.405966,17.5355129
"174",174,80,2,9.0890484,16.3173122
"175",175,80,2,9.4746075,16.3902454
"176",176,81,2,9.0301085,16.3061638
"177",177,81,2,9.0890484,16.3173122
"178",178,82,2,8.8240004,17.1959991
"179",179,82,2,9.0301085,16.3061638
"180",180,83,2,8.3710003,16.1749992
"181",181,83,2,9.0301085,16.3061638
"182",182,84,2,8.1929998,17.0149994
"183",183,84,2,8.3710003,16.1749992
"184",184,85,2,18.7351665,16.1498737
"185",185,85,2,19.5478706,16.5372238
"186",186,86,3,18.7351665,16.1498737
"187",187,86,3,18.3939991,16.8759995
"188",188,86,3,17.743,16.5869999
"189",189,87,2,7.868,16.0779991
"190",190,87,2,8.3710003,16.1749992
"191",191,88,2,3.518651,16.0325737
"192",192,88,2,3.944,16.1590004
"193",193,89,2,3.4272959,16.3845978
"194",194,89,2,3.518651,16.0325737
"195",195,90,2,7.375,15.9779997
"196",196,90,2,7.868,16.0779991
"197",197,91,2,7.375,15.9779997
"198",198,91,2,7.1856389,16.6844387
"199",199,92,2,16.0689697,16.4080257
"200",200,92,2,16.2697639,15.9297791
"201",201,93,2,10.8289194,16.6464252
"202",202,93,2,11.026,15.8590002
"203",203,94,2,6.6325169,15.821804
"204",204,94,2,7.375,15.9779997
"205",205,95,2,5.6999531,15.6256208
"206",206,95,2,6.6325169,15.821804
"207",207,96,2,5.4027152,16.9372101
"208",208,96,2,5.6999531,15.6256208
"209",209,97,2,15.6070004,15.6219997
"210",210,97,2,16.2697639,15.9297791
"211",211,98,3,17.743,16.5869999
"212",212,98,3,17.0990009,16.2549992
"213",213,98,3,17.4214344,15.5421467
"214",214,99,2,5.0250001,15.5159998
"215",215,99,2,5.6999531,15.6256208
"216",216,100,2,4.9097862,15.4901791
"217",217,100,2,5.0250001,15.5159998
"218",218,101,2,4.2927132,16.6148548
"219",219,101,2,4.9097862,15.4901791
"220",220,102,3,18.90695,15.3761148
"221",221,102,3,19.0639992,15.4499998
"222",222,102,3,18.7351665,16.1498737
"223",223,103,2,13.0880003,15.3570004
"224",224,103,2,13.5803728,15.6042328
"225",225,104,2,12.3062029,16.9213066
"226",226,104,2,13.0880003,15.3570004
"227",227,105,2,15.6070004,15.6219997
"228",228,105,2,15.6938972,15.3395834
"229",229,106,2,10.2639999,15.6700001
"230",230,106,2,9.4910889,15.3207779
"231",231,107,2,9.0890484,16.3173122
"232",232,107,2,9.4910889,15.3207779
"233",233,108,3,13.5803728,15.6042328
"234",234,108,3,13.6700001,15.3889999
"235",235,108,3,13.5600004,15.3149996
"236",236,109,2,3.721,15.2480001
"237",237,109,2,4.9097862,15.4901791
"238",238,110,2,3.518651,16.0325737
"239",239,110,2,3.721,15.2480001
"240",240,111,2,16.5881329,15.1714983
"241",241,111,2,17.4214344,15.5421467
"242",242,112,2,16.2697639,15.9297791
"243",243,112,2,16.5881329,15.1714983
"244",244,113,2,3.4498279,15.1688366
"245",245,113,2,3.721,15.2480001
"246",246,114,2,3.4498279,15.1688366
"247",247,114,2,3.4272959,16.3845978
"248",248,115,2,18.402319,15.1387091
"249",249,115,2,18.90695,15.3761148
"250",250,116,2,9.0590544,15.1255732
"251",251,116,2,9.4910889,15.3207779
"252",252,117,2,9.0590544,15.1255732
"253",253,117,2,8.7840004,15.7720003
"254",254,118,2,13.0880003,15.3570004
"255",255,118,2,12.2139997,14.9090004
"256",256,119,2,17.8946495,14.8998747
"257",257,119,2,18.402319,15.1387091
"258",258,120,3,15.6938972,15.3395834
"259",259,120,3,15.8470001,14.842
"260",260,120,3,16.5881329,15.1714983
"261",261,121,3,17.4214344,15.5421467
"262",262,121,3,17.7439995,14.8290005
"263",263,121,3,17.8946495,14.8998747
"264",264,122,3,11.8000002,14.8109999
"265",265,122,3,11.4499998,15.6140003
"266",266,122,3,11.165,16.7099991
"267",267,123,2,14.5469418,14.8062286
"268",268,123,2,15.6938972,15.3395834
"269",269,124,2,14.4429998,15.0100002
"270",270,124,2,14.5469418,14.8062286
"271",271,125,2,13.9339371,14.7479525
"272",272,125,2,14.4429998,15.0100002
"273",273,126,5,7.868,16.0779991
"274",274,126,5,7.9829998,15.2220001
"275",275,126,5,7.9530001,15.1409998
"276",276,126,5,8.1569996,14.7180004
"277",277,126,5,9.0590544,15.1255732
"278",278,127,3,16.5881329,15.1714983
"279",279,127,3,16.6529999,15.0170002
"280",280,127,3,16.8626099,14.5456047
"281",281,128,2,13.5017796,14.5254908
"282",282,128,2,13.9339371,14.7479525
"283",283,129,2,13.5017796,14.5254908
"284",284,129,2,13.0880003,15.3570004
"285",285,130,3,7.2350001,14.4250002
"286",286,130,3,6.796,15.2969999
"287",287,130,3,6.6325169,15.821804
"288",288,131,3,6.012208,14.371027
"289",289,131,3,5.9580002,14.5930004
"290",290,131,3,5.6999531,15.6256208
"291",291,132,2,5.3569999,14.2150002
"292",292,132,2,6.012208,14.371027
"293",293,133,4,5.0250001,15.5159998
"294",294,133,4,5.1300001,14.9499998
"295",295,133,4,5.2030001,14.9569998
"296",296,133,4,5.3569999,14.2150002
"297",297,134,2,12.6890001,14.1149998
"298",298,134,2,13.5017796,14.5254908
"299",299,135,2,10.0377073,14.0517893
"300",300,135,2,11.8000002,14.8109999
"301",301,136,2,9.4910889,15.3207779
"302",302,136,2,10.0377073,14.0517893
"303",303,137,4,15.8640003,13.9809999
"304",304,137,4,15.9709997,14.0570002
"305",305,137,4,15.9469995,14.1029997
"306",306,137,4,16.8626099,14.5456047
"307",307,138,3,15.5389996,14.1099997
"308",308,138,3,15.7370005,14.2139997
"309",309,138,3,15.8640003,13.9809999
"310",310,139,2,12.2077274,13.8600874
"311",311,139,2,12.6890001,14.1149998
"312",312,140,2,11.8000002,14.8109999
"313",313,140,2,12.2077274,13.8600874
"314",314,141,2,15.573,13.8400002
"315",315,141,2,15.8640003,13.9809999
"316",316,142,2,19.5478706,16.5372238
"317",317,142,2,19.6246185,13.831727
"318",318,143,2,18.90695,15.3761148
"319",319,143,2,19.6246185,13.831727
"320",320,144,2,6.1486492,13.812314
"321",321,144,2,7.2350001,14.4250002
"322",322,145,2,6.1486492,13.812314
"323",323,145,2,6.012208,14.371027
"324",324,146,2,16.8626099,14.5456047
"325",325,146,2,17.1940002,13.8030005
"326",326,147,2,19.6246185,13.831727
"327",327,147,2,19.6272583,13.7386885
"328",328,148,2,11.7840004,13.6350002
"329",329,148,2,12.2077274,13.8600874
"330",330,149,2,15.1485777,13.6267643
"331",331,149,2,15.573,13.8400002
"332",332,150,2,14.5469418,14.8062286
"333",333,150,2,15.1485777,13.6267643
"334",334,151,2,8.8964672,13.560133
"335",335,151,2,10.0377073,14.0517893
"336",336,152,2,14.0430002,13.5080004
"337",337,152,2,13.5017796,14.5254908
"338",338,153,3,13.9339371,14.7479525
"339",339,153,3,14.3240004,14.0170002
"340",340,153,3,14.5509996,13.5010004
"341",341,154,2,19.1459999,13.4759998
"342",342,154,2,19.6272583,13.7386885
"343",343,155,3,18.402319,15.1387091
"344",344,155,3,19.0020008,13.7880001
"345",345,155,3,19.1459999,13.4759998
"346",346,156,2,15.1485777,13.6267643
"347",347,156,2,15.2770004,13.375
"348",348,157,2,18.6650467,13.1906729
"349",349,157,2,19.1459999,13.4759998
"350",350,158,3,17.8946495,14.8998747
"351",351,158,3,18.3610001,13.8669996
"352",352,158,3,18.6650467,13.1906729
"353",353,159,2,13.3789997,13.1639996
"354",354,159,2,14.0430002,13.5080004
"355",355,160,5,12.6890001,14.1149998
"356",356,160,5,12.7819996,13.9359999
"357",357,160,5,12.9420004,13.5970001
"358",358,160,5,13.1029997,13.6750002
"359",359,160,5,13.3789997,13.1639996
"360",360,161,2,7.9123201,13.1361542
"361",361,161,2,8.8964672,13.560133
"362",362,162,2,7.9123201,13.1361542
"363",363,162,2,7.2350001,14.4250002
"364",364,163,3,15.573,13.8400002
"365",365,163,3,15.8190002,13.3219995
"366",366,163,3,15.4565592,13.1309834
"367",367,164,2,15.2770004,13.375
"368",368,164,2,15.4565592,13.1309834
"369",369,165,2,14.8091011,13.106781
"370",370,165,2,15.2770004,13.375
"371",371,166,3,6.4696321,13.0269709
"372",372,166,3,6.2319999,13.4709997
"373",373,166,3,6.1486492,13.812314
"374",374,167,2,13.3789997,13.1639996
"375",375,167,2,13.085,13.0030003
"376",376,168,2,14.3639154,12.8515816
"377",377,168,2,14.8091011,13.106781
"378",378,169,2,14.3639154,12.8515816
"379",379,169,2,14.0430002,13.5080004
"380",380,170,2,8.8964672,13.560133
"381",381,170,2,8.9386053,12.83183
"382",382,171,2,14.4169998,12.743
"383",383,171,2,14.3639154,12.8515816
"384",384,172,2,7.2081971,12.7395391
"385",385,172,2,7.9123201,13.1361542
"386",386,173,2,18.6650467,13.1906729
"387",387,173,2,17.7065144,12.6450005
"388",388,174,3,17.1940002,13.8030005
"389",389,174,3,17.5769997,12.9390001
"390",390,174,3,17.7065144,12.6450005
"391",391,175,2,5.1874361,12.6099167
"392",392,175,2,6.4696321,13.0269709
"393",393,176,2,6.7588978,12.4864607
"394",394,176,2,7.2081971,12.7395391
"395",395,177,2,6.7588978,12.4864607
"396",396,177,2,6.4696321,13.0269709
"397",397,178,2,13.9110003,12.4790001
"398",398,178,2,14.4169998,12.743
"399",399,179,2,7.4172621,12.4762888
"400",400,179,2,7.8506641,12.7446699
"401",401,180,2,7.4172621,12.4762888
"402",402,180,2,7.2081971,12.7395391
"403",403,181,2,9.0972004,12.3850803
"404",404,181,2,9.5534487,12.7267799
"405",405,182,3,8.9386053,12.83183
"406",406,182,3,8.9244738,12.6359501
"407",407,182,3,9.0972004,12.3850803
"408",408,183,2,4.25,12.3050003
"409",409,183,2,5.1874361,12.6099167
"410",410,184,3,5.3569999,14.2150002
"411",411,184,3,3.7690001,13.7049999
"412",412,184,3,4.25,12.3050003
"413",413,185,2,9.5534487,12.7267799
"414",414,185,2,9.8582888,12.2909603
"415",415,186,2,14.4169998,12.743
"416",416,186,2,14.7060003,12.25
"417",417,187,2,13.3966837,12.2042065
"418",418,187,2,13.9110003,12.4790001
"419",419,188,2,15.4565592,13.1309834
"420",420,188,2,15.8772621,12.1351805
"421",421,189,5,16.9419994,12.118
"422",422,189,5,16.4899998,13.0159998
"423",423,189,5,16.4360008,13.0240002
"424",424,189,5,16.2709999,13.4049997
"425",425,189,5,17.1940002,13.8030005
"426",426,190,2,8.9386053,12.83183
"427",427,190,2,7.75176,12.0550976
"428",428,191,2,7.75176,12.0550976
"429",429,191,2,7.4172621,12.4762888
"430",430,192,2,17.7065144,12.6450005
"431",431,192,2,17.9696884,12.0475893
"432",432,193,2,13.007,11.9960003
"433",433,193,2,13.3966837,12.2042065
"434",434,194,2,12.2077274,13.8600874
"435",435,194,2,13.007,11.9960003
"436",436,195,2,9.8582888,12.2909603
"437",437,195,2,10.0545797,11.9907026
"438",438,196,2,14.191,11.9700003
"439",439,196,2,14.7060003,12.25
"440",440,197,2,13.9110003,12.4790001
"441",441,197,2,14.191,11.9700003
"442",442,198,6,14.8091011,13.106781
"443",443,198,6,15.2749996,12.1000004
"444",444,198,6,15.3269997,12.0159998
"445",445,198,6,15.4750004,12.0500002
"446",446,198,6,15.5220003,11.9530001
"447",447,198,6,15.8772621,12.1351805
"448",448,199,2,9.3767023,11.9452953
"449",449,199,2,9.8582888,12.2909603
"450",450,200,2,9.0972004,12.3850803
"451",451,200,2,9.3767023,11.9452953
"452",452,201,3,9.5534487,12.7267799
"453",453,201,3,10.3647604,12.9749203
"454",454,201,3,10.8373804,11.9244013
"455",455,202,2,9.3767023,11.9452953
"456",456,202,2,9.4359465,11.8520765
"457",457,203,2,13.007,11.9960003
"458",458,203,2,12.6529999,11.8380003
"459",459,204,2,15.8772621,12.1351805
"460",460,204,2,16.0639992,11.717
"461",461,205,2,19.6272583,13.7386885
"462",462,205,2,19.6851063,11.6994572
"463",463,206,2,10.0545797,11.9907026
"464",464,206,2,9.5583115,11.6595411
"465",465,207,2,9.4359465,11.8520765
"466",466,207,2,9.5583115,11.6595411
"467",467,208,2,8.0833921,11.63976
"468",468,208,2,9.0972004,12.3850803
"469",469,209,2,8.0833921,11.63976
"470",470,209,2,7.75176,12.0550976
"471",471,210,2,17.9696884,12.0475893
"472",472,210,2,18.1510162,11.635972
"473",473,211,2,10.3213997,11.5825596
"474",474,211,2,10.8373804,11.9244013
"475",475,212,2,10.0545797,11.9907026
"476",476,212,2,10.3213997,11.5825596
"477",477,213,2,19.4159222,11.538805
"478",478,213,2,19.6851063,11.6994572
"479",479,214,3,18.6650467,13.1906729
"480",480,214,3,18.9669991,12.5190001
"481",481,214,3,19.4159222,11.538805
"482",482,215,2,14.191,11.9700003
"483",483,215,2,14.4169998,11.5360003
"484",484,216,2,12.6529999,11.8380003
"485",485,216,2,12.0319996,11.5349998
"486",486,217,3,12.0319996,11.5349998
"487",487,217,3,11.5889997,12.4829998
"488",488,217,3,11.8050003,12.6129999
"489",489,218,4,9.4359465,11.8520765
"490",490,218,4,9.2075806,11.6911201
"491",491,218,4,9.0829287,11.6607199
"492",492,218,4,8.7513046,11.3954697
"493",493,219,2,5.8659868,11.3281698
"494",494,219,2,6.7588978,12.4864607
"495",495,220,3,5.1874361,12.6099167
"496",496,220,3,5.4560661,11.6361103
"497",497,220,3,5.8659868,11.3281698
"498",498,221,4,15.2513304,11.3118668
"499",499,221,4,15.6370001,11.5179996
"500",500,221,4,15.8070002,11.6070004
"501",501,221,4,16.0639992,11.717
"502",502,222,2,14.7060003,12.25
"503",503,222,2,15.2513304,11.3118668
"504",504,223,2,7.3959999,11.2959995
"505",505,223,2,6.7588978,12.4864607
"506",506,224,2,13.8603544,11.2842188
"507",507,224,2,13.3966837,12.2042065
"508",508,225,2,14.4169998,11.5360003
"509",509,225,2,13.8927059,11.2200298
"510",510,226,2,13.8927059,11.2200298
"511",511,226,2,13.8603544,11.2842188
"512",512,227,2,9.8386745,11.2184
"513",513,227,2,10.3213997,11.5825596
"514",514,228,2,9.5583115,11.6595411
"515",515,228,2,9.8386745,11.2184
"516",516,229,2,7.4589009,11.1870003
"517",517,229,2,8.0833921,11.63976
"518",518,230,2,7.3959999,11.2959995
"519",519,230,2,7.4589009,11.1870003
"520",520,231,2,15.2513304,11.3118668
"521",521,231,2,15.3559999,11.1470003
"522",522,232,6,16.3017616,11.123909
"523",523,232,6,16.8250008,11.4949999
"524",524,232,6,17.1439991,11.71
"525",525,232,6,17.3999996,11.8079996
"526",526,232,6,17.4720001,11.8070002
"527",527,232,6,17.9696884,12.0475893
"528",528,233,3,16.0639992,11.717
"529",529,233,3,16.2770004,11.1890001
"530",530,233,3,16.3017616,11.123909
"531",531,234,2,12.0319996,11.5349998
"532",532,234,2,11.2035303,11.1105404
"533",533,235,2,10.8373804,11.9244013
"534",534,235,2,11.2035303,11.1105404
"535",535,236,2,15.4517279,10.9671221
"536",536,236,2,15.8360004,11.243
"537",537,237,2,15.3559999,11.1470003
"538",538,237,2,15.4517279,10.9671221
"539",539,238,3,18.459528,10.9356441
"540",540,238,3,18.8080006,11.1540003
"541",541,238,3,19.4159222,11.538805
"542",542,239,2,18.1510162,11.635972
"543",543,239,2,18.459528,10.9356441
"544",544,240,2,19.6851063,11.6994572
"545",545,240,2,19.707737,10.9016447
"546",546,241,2,19.4159222,11.538805
"547",547,241,2,19.707737,10.9016447
"548",548,242,2,13.1271353,10.8527298
"549",549,242,2,13.8603544,11.2842188
"550",550,243,4,12.6529999,11.8380003
"551",551,243,4,12.7919998,11.5120001
"552",552,243,4,13.0740004,10.9589996
"553",553,243,4,13.1271353,10.8527298
"554",554,244,2,15.3559999,11.1470003
"555",555,244,2,14.8257446,10.850667
"556",556,245,3,14.4169998,11.5360003
"557",557,245,3,14.6879997,11.0889997
"558",558,245,3,14.8257446,10.850667
"559",559,246,2,9.3511257,10.8246183
"560",560,246,2,9.8386745,11.2184
"561",561,247,2,9.3511257,10.8246183
"562",562,247,2,9.0457125,11.2711496
"563",563,248,2,19.707737,10.9016447
"564",564,248,2,19.7100048,10.8217096
"565",565,249,2,10.3213997,11.5825596
"566",566,249,2,10.77036,10.7723598
"567",567,250,2,5.3715849,10.6868267
"568",568,250,2,5.8659868,11.3281698
"569",569,251,3,4.9313369,11.5090504
"570",570,251,3,5.0630178,10.8767004
"571",571,251,3,5.3715849,10.6868267
"572",572,252,2,15.6397247,10.6454229
"573",573,252,2,16.3017616,11.123909
"574",574,253,2,15.4517279,10.9671221
"575",575,253,2,15.6397247,10.6454229
"576",576,254,2,15.6397247,10.6454229
"577",577,254,2,15.5965776,10.6166334
"578",578,255,2,10.77036,10.7723598
"579",579,255,2,10.8647203,10.5992098
"580",580,256,2,12.6410398,10.5644312
"581",581,256,2,13.1271353,10.8527298
"582",582,257,2,8.9821606,10.5338202
"583",583,257,2,9.3511257,10.8246183
"584",584,258,2,8.0833921,11.63976
"585",585,258,2,8.9821606,10.5338202
"586",586,259,3,14.8257446,10.850667
"587",587,259,3,14.243,10.5249996
"588",588,259,3,13.8927059,11.2200298
"589",589,260,2,10.3505497,10.4686728
"590",590,260,2,10.77036,10.7723598
"591",591,261,2,9.8386745,11.2184
"592",592,261,2,10.3505497,10.4686728
"593",593,262,2,12.4594259,10.4567184
"594",594,262,2,12.6410398,10.5644312
"595",595,263,2,12.2512302,10.8542404
"596",596,263,2,12.4594259,10.4567184
"597",597,264,2,15.1669998,10.3299999
"598",598,264,2,15.5965776,10.6166334
"599",599,265,3,14.8257446,10.850667
"600",600,265,3,14.9709997,10.5930004
"601",601,265,3,15.1669998,10.3299999
"602",602,266,2,5.0901632,10.321764
"603",603,266,2,5.3715849,10.6868267
"604",604,267,7,16.6480007,10.2989998
"605",605,267,7,16.9279995,10.552
"606",606,267,7,17.1100006,10.6969995
"607",607,267,7,17.2689991,10.8730001
"608",608,267,7,17.4500008,11.1090002
"609",609,267,7,17.8279991,11.3900003
"610",610,267,7,18.1510162,11.635972
"611",611,268,3,16.3017616,11.123909
"612",612,268,3,16.4440002,10.75
"613",613,268,3,16.6480007,10.2989998
"614",614,269,2,15.1669998,10.3299999
"615",615,269,2,15.0657091,10.2674713
"616",616,270,2,12.1054001,10.2467499
"617",617,270,2,12.4594259,10.4567184
"618",618,271,2,18.7706013,10.2303782
"619",619,271,2,19.7100048,10.8217096
"620",620,272,3,18.459528,10.9356441
"621",621,272,3,18.5510006,10.7279997
"622",622,272,3,18.7706013,10.2303782
"623",623,273,3,5.0901632,10.321764
"624",624,273,3,5.0691819,10.41014
"625",625,273,3,4.3077641,10.2040005
"626",626,274,3,4.3077641,10.2040005
"627",627,274,3,3.743839,12.0125303
"628",628,274,3,4.25,12.3050003
"629",629,275,2,11.8282614,10.0615549
"630",630,275,2,12.1054001,10.2467499
"631",631,276,3,11.2035303,11.1105404
"632",632,276,3,11.5598402,10.4594402
"633",633,276,3,11.8282614,10.0615549
"634",634,277,2,15.0657091,10.2674713
"635",635,277,2,15.2250004,10.059
"636",636,278,2,16.6480007,10.2989998
"637",637,278,2,16.9459991,10.0389996
"638",638,279,2,7.4589009,11.1870003
"639",639,279,2,8.1350374,10.0153532
"640",640,280,2,19.7100048,10.8217096
"641",641,280,2,19.7342319,9.967659
"642",642,281,4,17.0279999,9.9549999
"643",643,281,4,17.2290001,10.125
"644",644,281,4,17.6429996,10.4239998
"645",645,281,4,18.459528,10.9356441
"646",646,282,2,16.9459991,10.0389996
"647",647,282,2,17.0279999,9.9549999
"648",648,283,2,15.0657091,10.2674713
"649",649,283,2,14.5319996,9.9379997
"650",650,284,2,4.3077641,10.2040005
"651",651,284,2,3.547796,9.882741
"652",652,285,2,3.547796,9.882741
"653",653,285,2,3.4498279,15.1688366
"654",654,286,2,16.0209999,9.8280001
"655",655,286,2,16.6480007,10.2989998
"656",656,287,2,15.5965776,10.6166334
"657",657,287,2,16.0209999,9.8280001
"658",658,288,2,8.9821606,10.5338202
"659",659,288,2,9.5630398,9.8128672
"660",660,289,2,11.8282614,10.0615549
"661",661,289,2,11.48915,9.810339
"662",662,290,2,15.2250004,10.059
"663",663,290,2,14.8459997,9.7840004
"664",664,291,2,17.0279999,9.9549999
"665",665,291,2,17.2169991,9.7259998
"666",666,292,2,15.7853088,9.6567307
"667",667,292,2,16.0209999,9.8280001
"668",668,293,2,15.7853088,9.6567307
"669",669,293,2,15.5459995,10.0270004
"670",670,294,2,19.0654373,9.562274
"671",671,294,2,19.7342319,9.967659
"672",672,295,2,18.7706013,10.2303782
"673",673,295,2,19.0654373,9.562274
"674",674,296,3,15.6025696,9.5083771
"675",675,296,3,15.7209997,9.6099997
"676",676,296,3,15.7853088,9.6567307
"677",677,297,2,15.2250004,10.059
"678",678,297,2,15.6025696,9.5083771
"679",679,298,2,6.0532022,9.4900789
"680",680,298,2,7.3959999,11.2959995
"681",681,299,4,6.0532022,9.4900789
"682",682,299,4,5.2596159,10.0978498
"683",683,299,4,5.1050048,10.2592497
"684",684,299,4,5.0901632,10.321764
"685",685,300,2,11.48915,9.810339
"686",686,300,2,11.0319405,9.4706602
"687",687,301,2,10.3505497,10.4686728
"688",688,301,2,11.0319405,9.4706602
"689",689,302,2,16.3169994,9.4689999
"690",690,302,2,16.9459991,10.0389996
"691",691,303,2,16.0209999,9.8280001
"692",692,303,2,16.3169994,9.4689999
"693",693,304,2,15.3622665,9.3021784
"694",694,304,2,15.6025696,9.5083771
"695",695,305,2,8.1350374,10.0153532
"696",696,305,2,6.772264,9.1731348
"697",697,306,2,8.6268063,9.163188
"698",698,306,2,9.5630398,9.8128672
"699",699,307,2,8.1350374,10.0153532
"700",700,307,2,8.6268063,9.163188
"701",701,308,2,11.0319405,9.4706602
"702",702,308,2,10.6160746,9.1589956
"703",703,309,2,10.6160746,9.1589956
"704",704,309,2,9.6626434,10.4113703
"705",705,310,2,19.0654373,9.562274
"706",706,310,2,19.3062916,9.090313
"707",707,311,2,17.2169991,9.7259998
"708",708,311,2,16.552,9.0880003
"709",709,312,2,16.4120007,9.2849998
"710",710,312,2,16.552,9.0880003
"711",711,313,2,8.6268063,9.163188
"712",712,313,2,8.7021122,9.0623713
"713",713,314,2,6.544517,9.0438137
"714",714,314,2,6.0532022,9.4900789
"715",715,315,2,12.0264416,9.0231791
"716",716,315,2,11.48915,9.810339
"717",717,316,3,14.9926939,8.9881172
"718",718,316,3,15.2629995,9.217
"719",719,316,3,15.3622665,9.3021784
"720",720,317,4,14.9926939,8.9881172
"721",721,317,4,14.6780005,9.3800001
"722",722,317,4,14.4619999,9.6459999
"723",723,317,4,14.0200005,10.4259996
"724",724,318,2,10.6160746,9.1589956
"725",725,318,2,10.287982,8.9131107
"726",726,319,2,9.5630398,9.8128672
"727",727,319,2,10.287982,8.9131107
"728",728,320,2,16.3169994,9.4689999
"729",729,320,2,15.7329998,8.8850002
"730",730,321,2,15.7329998,8.8850002
"731",731,321,2,15.3622665,9.3021784
"732",732,322,3,14.7312241,8.7499294
"733",733,322,3,14.8780003,8.8909998
"734",734,322,3,14.9926939,8.9881172
"735",735,323,2,19.0654373,9.562274
"736",736,323,2,17.9060001,8.7220001
"737",737,324,2,17.2169991,9.7259998
"738",738,324,2,17.9060001,8.7220001
"739",739,325,2,14.6852283,8.7057219
"740",740,325,2,14.7312241,8.7499294
"741",741,326,5,13.1271353,10.8527298
"742",742,326,5,13.1599998,10.7869997
"743",743,326,5,13.7889996,9.8599997
"744",744,326,5,14.2889996,9.1920004
"745",745,326,5,14.6852283,8.7057219
"746",746,327,2,16.552,9.0880003
"747",747,327,2,16.758667,8.6988859
"748",748,328,2,10.287982,8.9131107
"749",749,328,2,9.8828268,8.5975475
"750",750,329,2,16.758667,8.6988859
"751",751,329,2,16.8862286,8.4587135
"752",752,330,2,11.1494913,8.3766632
"753",753,330,2,12.0264416,9.0231791
"754",754,331,2,11.1494913,8.3766632
"755",755,331,2,10.6160746,9.1589956
"756",756,332,6,15.7329998,8.8850002
"757",757,332,6,15.6820002,8.79
"758",758,332,6,15.6420002,8.7530003
"759",759,332,6,15.493,8.6420002
"760",760,332,6,15.3889999,8.5430002
"761",761,332,6,15.1099997,8.3179998
"762",762,333,2,14.7312241,8.7499294
"763",763,333,2,15.1099997,8.3179998
"764",764,334,5,18.1122017,8.2802267
"765",765,334,5,18.4090004,8.4799995
"766",766,334,5,18.6949997,8.6920004
"767",767,334,5,18.8999996,8.842
"768",768,334,5,19.3062916,9.090313
"769",769,335,2,17.9060001,8.7220001
"770",770,335,2,18.1122017,8.2802267
"771",771,336,3,9.8828268,8.5975475
"772",772,336,3,9.725832,8.4752684
"773",773,336,3,9.1636944,8.2275248
"774",774,337,3,8.7021122,9.0623713
"775",775,337,3,9.0671844,8.4000759
"776",776,337,3,9.1636944,8.2275248
"777",777,338,2,16.8862286,8.4587135
"778",778,338,2,16.5030003,8.2040005
"779",779,339,2,15.1099997,8.3179998
"780",780,339,2,15.2008905,8.2018261
"781",781,340,3,14.137084,8.1869307
"782",782,340,3,14.415,8.4460001
"783",783,340,3,14.6852283,8.7057219
"784",784,341,4,12.6410398,10.5644312
"785",785,341,4,13.3952198,9.188612
"786",786,341,4,13.78479,8.644908
"787",787,341,4,14.137084,8.1869307
"788",788,342,2,12.6530275,8.105197
"789",789,342,2,12.0264416,9.0231791
"790",790,343,2,5.0223222,8.1036558
"791",791,343,2,6.0532022,9.4900789
"792",792,344,2,5.0223222,8.1036558
"793",793,344,2,4.3077641,10.2040005
"794",794,345,2,17.0809994,8.092
"795",795,345,2,17.9060001,8.7220001
"796",796,346,2,16.8862286,8.4587135
"797",797,346,2,17.0809994,8.092
"798",798,347,2,9.1636944,8.2275248
"799",799,347,2,9.2483673,8.087018
"800",800,348,2,3.5814071,8.0692205
"801",801,348,2,3.547796,9.882741
"802",802,349,2,7.043314,7.9979448
"803",803,349,2,8.7021122,9.0623713
"804",804,350,2,9.0185366,7.9805012
"805",805,350,2,9.2483673,8.087018
"806",806,351,2,9.2483673,8.087018
"807",807,351,2,9.3637047,7.8798819
"808",808,352,3,18.327755,7.818418
"809",809,352,3,19.5550003,8.6099997
"810",810,352,3,19.3062916,9.090313
"811",811,353,2,18.1122017,8.2802267
"812",812,353,2,18.327755,7.818418
"813",813,354,3,7.043314,7.9979448
"814",814,354,3,6.8860431,8.2609034
"815",815,354,3,6.1852441,7.7992458
"816",816,355,2,15.5270004,7.7849998
"817",817,355,2,16.758667,8.6988859
"818",818,356,2,15.2008905,8.2018261
"819",819,356,2,15.5270004,7.7849998
"820",820,357,2,13.6739378,7.7551918
"821",821,357,2,14.137084,8.1869307
"822",822,358,3,12.1054001,10.2467499
"823",823,358,3,12.7395,9.0152683
"824",824,358,3,13.6739378,7.7551918
"825",825,359,2,15.5270004,7.7849998
"826",826,359,2,15.5609999,7.744
"827",827,360,2,19.7342319,9.967659
"828",828,360,2,19.7973919,7.7411528
"829",829,361,3,15.3190002,7.527
"830",830,361,3,15.2740002,7.579
"831",831,361,3,15.5609999,7.744
"832",832,362,2,8.2065783,7.5214062
"833",833,362,2,9.0185366,7.9805012
"834",834,363,4,14.165,7.5149999
"835",835,363,4,14.4250002,7.8000002
"836",836,363,4,14.5600004,7.6550002
"837",837,363,4,15.2008905,8.2018261
"838",838,364,2,14.9619999,7.507
"839",839,364,2,15.2639999,7.7610002
"840",840,365,3,15.0950003,7.9120002
"841",841,365,3,14.835,7.6529999
"842",842,365,3,14.9619999,7.507
"843",843,366,2,18.327755,7.818418
"844",844,366,2,18.5060005,7.4720001
"845",845,367,2,8.5915565,7.4712501
"846",846,367,2,9.3637047,7.8798819
"847",847,368,2,11.7894554,7.4380651
"848",848,368,2,12.6530275,8.105197
"849",849,369,2,11.7894554,7.4380651
"850",850,369,2,11.1494913,8.3766632
"851",851,370,2,19.2955208,7.436564
"852",852,370,2,19.7973919,7.7411528
"853",853,371,2,9.8828268,8.5975475
"854",854,371,2,10.6393805,7.406045
"855",855,372,2,15.1020002,7.3280001
"856",856,372,2,15.3190002,7.527
"857",857,373,2,14.9619999,7.507
"858",858,373,2,15.1020002,7.3280001
"859",859,374,3,13.1941566,7.3124142
"860",860,374,3,13.4860001,7.5799999
"861",861,374,3,13.6739378,7.7551918
"862",862,375,2,13.1941566,7.3124142
"863",863,375,2,12.6530275,8.105197
"864",864,376,2,15.3190002,7.527
"865",865,376,2,15.4960003,7.3119998
"866",866,377,2,8.2383413,7.2254648
"867",867,377,2,8.5915565,7.4712501
"868",868,378,2,12.0388098,7.0882711
"869",869,378,2,11.7894554,7.4380651
"870",870,379,2,17.5764389,7.0717092
"871",871,379,2,18.5060005,7.4720001
"872",872,380,3,17.0809994,8.092
"873",873,380,3,17.3710003,7.4679999
"874",874,380,3,17.5764389,7.0717092
"875",875,381,2,4.2529998,7.0689998
"876",876,381,2,5.0223222,8.1036558
"877",877,382,2,4.2529998,7.0689998
"878",878,382,2,3.5814071,8.0692205
"879",879,383,2,18.680275,7.0631671
"880",880,383,2,19.2955208,7.436564
"881",881,384,2,18.5060005,7.4720001
"882",882,384,2,18.680275,7.0631671
"883",883,385,6,6.1852441,7.7992458
"884",884,385,6,5.66609,7.4148331
"885",885,385,6,5.5974889,7.33921
"886",886,385,6,5.6095219,7.2458701
"887",887,385,6,5.5875592,7.2002902
"888",888,385,6,5.360157,7.0399351
"889",889,386,3,15.5609999,7.744
"890",890,386,3,15.6999998,7.3940001
"891",891,386,3,15.8640003,7.007
"892",892,387,2,10.6393805,7.406045
"893",893,387,2,9.8741417,6.9631839
"894",894,388,2,9.3637047,7.8798819
"895",895,388,2,9.8741417,6.9631839
"896",896,389,2,6.7296228,6.96101
"897",897,389,2,6.1852441,7.7992458
"898",898,390,3,15.8640003,7.007
"899",899,390,3,15.4460001,6.927
"900",900,390,3,15.3170004,7.1020002
"901",901,391,2,13.5439301,6.8594022
"902",902,391,2,13.9350004,7.1890001
"903",903,392,2,13.5439301,6.8594022
"904",904,392,2,13.1941566,7.3124142
"905",905,393,3,11.5326204,6.9868431
"906",906,393,3,11.6609097,6.809978
"907",907,393,3,12.0388098,7.0882711
"908",908,394,3,15.9359312,6.7816591
"909",909,394,3,16.3010006,7.006
"910",910,394,3,16.8220005,7.3249998
"911",911,395,2,15.8640003,7.007
"912",912,395,2,15.9359312,6.7816591
"913",913,396,2,4.2529998,7.0689998
"914",914,396,2,3.608146,6.6264238
"915",915,397,2,3.608146,6.6264238
"916",916,397,2,3.5814071,8.0692205
"917",917,398,3,15.9359312,6.7816591
"918",918,398,3,15.9770002,6.6529999
"919",919,398,3,16.0006237,6.598434
"920",920,399,3,12.3836756,6.5711508
"921",921,399,3,12.7159996,6.8740001
"922",922,399,3,13.1941566,7.3124142
"923",923,400,2,12.3836756,6.5711508
"924",924,400,2,12.0388098,7.0882711
"925",925,401,2,9.8741417,6.9631839
"926",926,401,2,9.1696234,6.4773788
"927",927,402,2,9.1696234,6.4773788
"928",928,402,2,8.5915565,7.4712501
"929",929,403,2,16.0006237,6.598434
"930",930,403,2,14.9809999,6.473
"931",931,404,6,14.0550003,6.835
"932",932,404,6,14.585,7.2600002
"933",933,404,6,14.7539997,7.066
"934",934,404,6,14.8299999,7.0300002
"935",935,404,6,14.9280005,6.9120002
"936",936,404,6,14.9809999,6.473
"937",937,405,2,19.7973919,7.7411528
"938",938,405,2,19.8334618,6.4696159
"939",939,406,2,19.2955208,7.436564
"940",940,406,2,19.8334618,6.4696159
"941",941,407,2,5.8547659,6.449976
"942",942,407,2,6.7296228,6.96101
"943",943,408,2,9.8741417,6.9631839
"944",944,408,2,10.1989317,6.3798909
"945",945,409,2,9.1696234,6.4773788
"946",946,409,2,8.9803562,6.369051
"947",947,410,2,13.9549999,6.3270001
"948",948,410,2,14.9809999,6.473
"949",949,411,2,13.9549999,6.3270001
"950",950,411,2,13.5439301,6.8594022
"951",951,412,2,8.9803562,6.369051
"952",952,412,2,8.9052429,6.316586
"953",953,413,2,9.9764957,6.2520528
"954",954,413,2,10.1989317,6.3798909
"955",955,414,2,19.8334618,6.4696159
"956",956,414,2,19.0699177,6.0947471
"957",957,415,4,18.680275,7.0631671
"958",958,415,4,18.9239998,6.5409999
"959",959,415,4,19.0540009,6.1719999
"960",960,415,4,19.0699177,6.0947471
"961",961,416,3,16.0006237,6.598434
"962",962,416,3,16.1189995,6.3249998
"963",963,416,3,16.2212505,6.0893149
"964",964,417,2,8.9803562,6.369051
"965",965,417,2,9.1711073,6.0717611
"966",966,418,2,9.6064482,6.038558
"967",967,418,2,9.9764957,6.2520528
"968",968,419,3,19.8334618,6.4696159
"969",969,419,3,19.8362751,6.3704329
"970",970,419,3,19.8458424,6.0331941
"971",971,420,2,15.5710001,5.9920001
"972",972,420,2,16.2212505,6.0893149
"973",973,421,2,11.6892138,5.9327779
"974",974,421,2,12.3836756,6.5711508
"975",975,422,3,10.6393805,7.406045
"976",976,422,3,11.1638498,6.5722342
"977",977,422,3,11.6892138,5.9327779
"978",978,423,2,11.6892138,5.9327779
"979",979,423,2,11.5450001,5.9510002
"980",980,424,2,4.9678168,5.9228268
"981",981,424,2,5.8547659,6.449976
"982",982,425,2,4.9678168,5.9228268
"983",983,425,2,4.2529998,7.0689998
"984",984,426,3,19.0699177,6.0947471
"985",985,426,3,19.0949993,5.973
"986",986,426,3,19.0990009,5.8390002
"987",987,427,2,12.6246834,5.8145752
"988",988,427,2,12.3836756,6.5711508
"989",989,428,2,12.6246834,5.8145752
"990",990,428,2,11.6892138,5.9327779
"991",991,429,3,12.9380846,5.774405
"992",992,429,3,12.9530001,6.1989999
"993",993,429,3,13.1350002,6.3740001
"994",994,430,3,12.9380846,5.774405
"995",995,430,3,12.835,5.7880001
"996",996,430,3,12.6246834,5.8145752
"997",997,431,2,19.2619991,5.6999998
"998",998,431,2,19.8458424,6.0331941
"999",999,432,2,19.0990009,5.8390002
"1000",1000,432,2,19.2619991,5.6999998
"1001",1001,433,2,19.0990009,5.8390002
"1002",1002,433,2,18.3246307,5.6464381
"1003",1003,434,3,17.5764389,7.0717092
"1004",1004,434,3,17.8640003,6.5170002
"1005",1005,434,3,18.3246307,5.6464381
"1006",1006,435,2,11.5450001,5.9510002
"1007",1007,435,2,10.609724,5.6415162
"1008",1008,436,2,10.1989317,6.3798909
"1009",1009,436,2,10.609724,5.6415162
"1010",1010,437,2,18.3246307,5.6464381
"1011",1011,437,2,18.1140003,5.5970001
"1012",1012,438,3,14.4879999,5.5700002
"1013",1013,438,3,14.2379999,5.9840002
"1014",1014,438,3,13.9549999,6.3270001
"1015",1015,439,2,14.4879999,5.5700002
"1016",1016,439,2,12.9380846,5.774405
"1017",1017,440,2,5.2339149,5.511199
"1018",1018,440,2,4.9678168,5.9228268
"1019",1019,441,2,18.1140003,5.5970001
"1020",1020,441,2,17.6034451,5.4671011
"1021",1021,442,2,17.6034451,5.4671011
"1022",1022,442,2,16.9799995,6.7030001
"1023",1023,443,2,17.6034451,5.4671011
"1024",1024,443,2,17.4820004,5.4390001
"1025",1025,444,3,14.9006586,5.418766
"1026",1026,444,3,14.5889997,5.5349998
"1027",1027,444,3,14.4879999,5.5700002
"1028",1028,445,2,10.609724,5.6415162
"1029",1029,445,2,9.6640987,5.3286061
"1030",1030,446,4,17.4820004,5.4390001
"1031",1031,446,4,17.0319996,5.3249998
"1032",1032,446,4,16.8929996,5.2820001
"1033",1033,446,4,16.6360226,5.190371
"1034",1034,447,4,16.2212505,6.0893149
"1035",1035,447,4,16.2600002,6
"1036",1036,447,4,16.4920006,5.5419998
"1037",1037,447,4,16.6360226,5.190371
"1038",1038,448,2,19.2619991,5.6999998
"1039",1039,448,2,19.5488033,5.1472368
"1040",1040,449,8,16.6360226,5.190371
"1041",1041,449,8,16.5090008,5.1329999
"1042",1042,449,8,16.3670006,5.1139998
"1043",1043,449,8,16.2000008,5.0999999
"1044",1044,449,8,16.0139999,5.1230001
"1045",1045,449,8,15.6960001,5.2020001
"1046",1046,449,8,15.0769997,5.3530002
"1047",1047,449,8,14.9006586,5.418766
"1048",1048,450,3,9.6640987,5.3286061
"1049",1049,450,3,8.9399996,5.0890002
"1050",1050,450,3,8.7835855,5.0881882
"1051",1051,451,2,8.7835855,5.0881882
"1052",1052,451,2,7.043314,7.9979448
"1053",1053,452,2,16.6360226,5.190371
"1054",1054,452,2,16.6800003,5.0830002
"1055",1055,453,2,14.6610003,5.0549998
"1056",1056,453,2,14.9006586,5.418766
"1057",1057,454,2,4.5265012,5.0371218
"1058",1058,454,2,5.2339149,5.511199
"1059",1059,455,7,10.609724,5.6415162
"1060",1060,455,7,10.6331596,5.5935211
"1061",1061,455,7,10.7034597,5.464922
"1062",1062,455,7,10.79,5.3479919
"1063",1063,455,7,10.9223604,5.2220879
"1064",1064,455,7,11.1044502,5.0831251
"1065",1065,455,7,11.3450403,4.9679508
"1066",1066,456,2,6.788403,4.9390068
"1067",1067,456,2,5.8547659,6.449976
"1068",1068,457,3,8.7835855,5.0881882
"1069",1069,457,3,8.5550003,5.0869999
"1070",1070,457,3,8.0236416,4.7520242
"1071",1071,458,2,8.0236416,4.7520242
"1072",1072,458,2,6.7296228,6.96101
"1073",1073,459,5,6.788403,4.9390068
"1074",1074,459,5,6.2738051,4.647501
"1075",1075,459,5,6.0294609,4.9168949
"1076",1076,459,5,5.7773108,5.1954622
"1077",1077,459,5,5.5526562,5.4974699
"1078",1078,460,2,16.6800003,5.0830002
"1079",1079,460,2,15.7796097,4.6266069
"1080",1080,461,2,18.7102337,4.5974021
"1081",1081,461,2,19.5488033,5.1472368
"1082",1082,462,2,18.7102337,4.5974021
"1083",1083,462,2,18.1140003,5.5970001
"1084",1084,463,11,13.198,4.573
"1085",1085,463,11,13.3929996,4.6149998
"1086",1086,463,11,13.5559998,4.6469998
"1087",1087,463,11,13.6990004,4.6890001
"1088",1088,463,11,13.809,4.7249999
"1089",1089,463,11,13.9530001,4.7789998
"1090",1090,463,11,14.1120005,4.8540001
"1091",1091,463,11,14.2720003,4.9200001
"1092",1092,463,11,14.415,4.9780002
"1093",1093,463,11,14.4860001,5.013
"1094",1094,463,11,14.6610003,5.0549998
"1095",1095,464,2,13.198,4.573
"1096",1096,464,2,12.6246834,5.8145752
"1097",1097,465,2,19.8458424,6.0331941
"1098",1098,465,2,19.8876877,4.5580668
"1099",1099,466,2,19.5488033,5.1472368
"1100",1100,466,2,19.8876877,4.5580668
"1101",1101,467,2,3.6991789,4.482688
"1102",1102,467,2,4.5265012,5.0371218
"1103",1103,468,2,3.6485059,4.44873
"1104",1104,468,2,3.6991789,4.482688
"1105",1105,469,2,3.6485059,4.44873
"1106",1106,469,2,3.608146,6.6264238
"1107",1107,470,3,16.6800003,5.0830002
"1108",1108,470,3,16.8859997,5.138
"1109",1109,470,3,17.4349995,4.3189998
"1110",1110,471,2,15.7796097,4.6266069
"1111",1111,471,2,15.0819998,4.2729998
"1112",1112,472,2,14.6610003,5.0549998
"1113",1113,472,2,15.0819998,4.2729998
"1114",1114,473,3,17.4644604,4.2521591
"1115",1115,473,3,18.0230007,4.6139998
"1116",1116,473,3,17.4820004,5.4390001
"1117",1117,474,2,17.4349995,4.3189998
"1118",1118,474,2,17.4644604,4.2521591
"1119",1119,475,2,8.0236416,4.7520242
"1120",1120,475,2,7.2178321,4.2440319
"1121",1121,476,2,7.2178321,4.2440319
"1122",1122,476,2,6.788403,4.9390068
"1123",1123,477,2,17.4644604,4.2521591
"1124",1124,477,2,17.5949993,4.0739999
"1125",1125,478,2,19.0513325,4.0255418
"1126",1126,478,2,19.8876877,4.5580668
"1127",1127,479,2,19.0513325,4.0255418
"1128",1128,479,2,18.7102337,4.5974021
"1129",1129,480,2,7.2178321,4.2440319
"1130",1130,480,2,6.5689998,3.835
"1131",1131,481,2,6.5689998,3.835
"1132",1132,481,2,5.2339149,5.511199
"1133",1133,482,2,16.5489998,3.8050001
"1134",1134,482,2,17.4349995,4.3189998
"1135",1135,483,4,19.8876877,4.5580668
"1136",1136,483,4,19.8896084,4.4903941
"1137",1137,483,4,19.9120007,3.701
"1138",1138,483,4,19.2561378,3.6821809
"1139",1139,484,2,19.2561378,3.6821809
"1140",1140,484,2,19.0513325,4.0255418
"1141",1141,485,2,16.3569241,3.6810589
"1142",1142,485,2,16.5489998,3.8050001
"1143",1143,486,2,16.3569241,3.6810589
"1144",1144,486,2,15.7796097,4.6266069
"1145",1145,487,2,19.2561378,3.6821809
"1146",1146,487,2,18.4994316,3.66047
"1147",1147,488,2,18.4994316,3.66047
"1148",1148,488,2,19.0513325,4.0255418
"1149",1149,489,2,18.4994316,3.66047
"1150",1150,489,2,17.8633022,3.6422169
"1151",1151,490,2,17.5949993,4.0739999
"1152",1152,490,2,17.8633022,3.6422169
"1153",1153,491,2,17.8633022,3.6422169
"1154",1154,491,2,16.807991,3.611937
"1155",1155,492,2,16.807991,3.611937
"1156",1156,492,2,17.5949993,4.0739999
"1157",1157,493,3,16.807991,3.611937
"1158",1158,493,3,16.7561836,3.610451
"1159",1159,493,3,16.6703091,3.6079869
"1160",1160,494,2,16.5489998,3.8050001
"1161",1161,494,2,16.6703091,3.6079869
"1162",1162,495,2,16.6703091,3.6079869
"1163",1163,495,2,16.211174,3.5948131
"1164",1164,496,2,16.211174,3.5948131
"1165",1165,496,2,16.3569241,3.6810589
"1166",1166,497,2,11.6251144,3.5709989
"1167",1167,497,2,11.9694595,3.751684
"1168",1168,498,2,16.211174,3.5948131
"1169",1169,498,2,15.4755154,3.5709219
"1170",1170,499,2,15.4755154,3.5709219
"1171",1171,499,2,15.0819998,4.2729998
"1172",1172,500,2,15.4755154,3.5709219
"1173",1173,500,2,13.6920004,3.513
"1174",1174,501,2,15.0819998,4.2729998
"1175",1175,501,2,13.6920004,3.513
"1176",1176,502,2,13.6920004,3.513
"1177",1177,502,2,13.198,4.573
"1178",1178,503,2,13.6920004,3.513
"1179",1179,503,2,12.1245174,3.4754789
"1180",1180,504,2,11.9694595,3.751684
"1181",1181,504,2,12.1245174,3.4754789
"1182",1182,505,2,12.1245174,3.4754789
"1183",1183,505,2,11.6879988,3.46503
"1184",1184,506,2,11.6251144,3.5709989
"1185",1185,506,2,11.6879988,3.46503
"1186",1186,507,2,11.6879988,3.46503
"1187",1187,507,2,10.7841892,3.4390969
"1188",1188,508,2,9.6640987,5.3286061
"1189",1189,508,2,10.7841892,3.4390969
"1190",1190,509,2,10.7841892,3.4390969
"1191",1191,509,2,9.7828522,3.4103661
"1192",1192,510,2,9.7828522,3.4103661
"1193",1193,510,2,8.7835855,5.0881882
"1194",1194,511,2,9.7828522,3.4103661
"1195",1195,511,2,7.7992611,3.353451
"1196",1196,512,2,7.2178321,4.2440319
"1197",1197,512,2,7.7992611,3.353451
"1198",1198,513,2,7.7992611,3.353451
"1199",1199,513,2,6.9635701,3.329473
"1200",1200,514,2,6.5689998,3.835
"1201",1201,514,2,6.9635701,3.329473
"1202",1202,515,2,6.9635701,3.329473
"1203",1203,515,2,5.6504951,3.2917969
"1204",1204,516,2,4.5265012,5.0371218
"1205",1205,516,2,5.6504951,3.2917969
"1206",1206,517,2,5.6504951,3.2917969
"1207",1207,517,2,4.5018001,3.2588379
"1208",1208,518,2,3.6991789,4.482688
"1209",1209,518,2,4.5018001,3.2588379
"1210",1210,519,3,4.5018001,3.2588379
"1211",1211,519,3,3.671,3.2349999
"1212",1212,519,3,3.6485059,4.44873
"1213",1213,520,3,11.7447996,4.812386
"1214",1214,520,3,11.8784599,5.174901
"1215",1215,520,3,11.5450001,5.9510002
"1216",1216,521,2,11.7447996,4.812386
"1217",1217,521,2,11.7215538,4.7587409
"1218",1218,522,3,11.3450403,4.9679508
"1219",1219,522,3,11.5410604,4.8256912
"1220",1220,522,3,11.7215538,4.7587409
"1221",1221,523,4,11.7215538,4.7587409
"1222",1222,523,4,11.9124603,4.7007518
"1223",1223,523,4,12.1021299,4.6366978
"1224",1224,523,4,12.2367535,4.6037641
"1225",1225,524,7,12.2367535,4.6037641
"1226",1226,524,7,12.3080902,4.5863128
"1227",1227,524,7,12.4647598,4.5699968
"1228",1228,524,7,12.7875404,4.5581861
"1229",1229,524,7,12.9984198,4.5517359
"1230",1230,524,7,13.1107798,4.5683851
"1231",1231,524,7,13.198,4.573
"1232",1232,525,2,12.3289022,3.8954501
"1233",1233,525,2,12.45576,3.953624
"1234",1234,526,3,12.2367535,4.6037641
"1235",1235,526,3,12.1689796,4.2499371
"1236",1236,526,3,12.3289022,3.8954501
"1237",1237,527,2,11.9694595,3.751684
"1238",1238,527,2,12.3289022,3.8954501
"1239",1239,528,3,11.3450403,4.9679508
"1240",1240,528,3,11.0809002,4.4880772
"1241",1241,528,3,11.6251144,3.5709989
